seqnames,start,end,width,strand,score,max_score,threshold,window,sequence,bp_untill_next_G4,bp_untill_previous_G4,G4_id,up_win,down_win
chrM,206,229,24,-,-1.38,-1.32,1,25,CACCTTGCCTAGCCACACCCCCAC,406,375,1,106,329
chrM,635,663,29,-,-0.966,-1.12,1,25,CGATAAACCCCGCTCTACCTCACCATCTC,235,406,2,535,763
chrM,898,923,26,-,-1.12,-1.16,1,25,CGCACACACCGCCCGTCACCCTCCTC,1845,235,3,798,1023
chrM,2768,2808,41,-,-0.927,-1.08,1,25,CCTAACACTCCTCGTCCCCATTCTAATCGCCATAGCCTTCC,204,1845,4,2668,2908
chrM,3012,3031,20,-,-1.7,-1.36,1,25,CCCCTACCAATACCACACCC,1203,204,5,2912,3131
chrM,4234,4260,27,-,-1.07,-1.0,1,25,CCTCGCCCCATTCCACTTCTGATTACC,228,1203,6,4134,4360
chrM,4488,4528,41,-,-0.854,-1.12,1,25,CAATTCTTCCTTACAACCCATCCCTCACTCTACTCAACCTC,349,228,7,4388,4628
chrM,4877,4898,22,-,-1.18,-1.04,1,25,CCCAACCTAATATTTTCCACCC,8,349,8,4777,4906
chrM,4906,4948,43,-,-1.28,-1.96,1,25,CATAAGCACAATAACCCTACCCCTAGCCCCCCAACTAATTACC,876,8,9,4898,5048
chrM,5824,5865,42,-,-0.738,-1.04,1,25,CCACTATTATCAACATGAAACCCCCAGCCATAACACAGTATC,1624,876,10,5724,5965
chrM,7489,7514,26,-,-1.27,-1.24,1,25,CCTCCACTCATGAGCAGTCCCCTCCC,2518,1624,11,7389,7614
chrM,10032,10065,34,-,-1.03,-1.24,1,25,CTCCATAAGCTCCATACCAATCCCCATCACCATC,259,2518,12,9932,10165
chrM,10324,10357,34,-,-1.03,-1.36,1,25,CAAATATATTCTCCTCAGACCCCCTATCCACACC,582,259,13,10224,10457
chrM,10939,10962,24,-,-1.38,-1.32,1,25,CATACCCCTTCATCCTTCTCTCCC,303,582,14,10839,11062
chrM,11265,11289,25,-,-1.0,-1.0,1,25,CTAGCTCTACCCCCTTCAATCAATC,580,303,15,11165,11389
chrM,11869,11892,24,-,-1.04,-1.0,1,25,CCTTCATTATTAGCCTCTTACCCC,276,580,16,11769,11992
chrM,12168,12184,17,+,1.76,1.2,1,25,GGCTGAGAAGGGGTGGG,331,276,17,12068,12284
chrM,12515,12554,40,-,-0.775,-1.16,1,25,CCTACTGGTCCGATTCCACCCCCTCACGACTAATAATAAC,479,331,18,12415,12654
chrM,13033,13073,41,-,-0.951,-1.44,1,25,CAATAACAAAACCGCGTTTTCCCCCCCTAATCTCCATTAAC,561,479,19,12933,13173
chrM,13634,13677,44,-,-0.977,-1.48,1,25,CTATATATTGCCGCTACCCCAATCCCTCCTTCCAACATAACTCC,96,561,20,13534,13773
chrM,13773,13804,32,-,-1.12,-1.24,1,25,CCTCTATAATCACCCCCAATACTAAAAAACCC,64,96,21,13677,13868
chrM,13868,13908,41,-,-0.878,-1.4,1,25,CCAAACACAACCAACATCCCCCCTAAATAAATTAAAAAAAC,284,64,22,13804,14008
chrM,14192,14230,39,-,-0.821,-1.16,1,25,CTCATTCATTGACCTACCTGCCCCATCCAACATTTCATC,686,284,23,14092,14330
chrM,14916,14954,39,-,-1.31,-1.68,1,25,CCAGCTAATCCACTAAACACCCCACCCCATATTAAACCC,416,686,24,14816,15054
chrM,15370,15396,27,-,-1.3,-1.4,1,25,CTACTCCCCACCACCAGCACCCAAAGC,251,416,25,15270,15496
chrM,15647,15689,43,-,-0.837,-1.48,1,25,CTCTTCCATATGACTATCCCCTTCCCCATTTGGTCTATTAATC,7,251,26,15547,15696
chrM,15696,15743,48,-,-1.12,-1.64,1,25,CCTCCGTGAAACCAACAACCCGCCCACCAATGCCCCTCTTCTCGCTCC,76,7,27,15689,15819
chrM,15819,15851,33,-,-0.758,-1.0,1,25,CGTTATCGCCCATACGTTCCCCTTAAATAAGAC,222,76,28,15743,15951
chrM,16073,16130,58,-,-1.36,-2.16,1,25,CCAAATTTTAACTCTCCAAACCCCCCACCCCCTCCTCTTAATGCCAAACCCCAAAAAC,375,222,29,15973,16230
