G4_id,start,end,sequence,A,C,G,T
4,785,808,CGCTTAGCCTAGCCACACCCCCAC,5,13,3.0,3
5,954,984,CACCCCCTCCCCAATAAAGCTAAAACTCACC,11,15,1.0,4
6,1667,1707,CTGAGCTAAACCTAGCCCCAAACCCACTCCACCTTACTACC,12,19,3.0,7
7,2057,2079,CCCACAGAACCCTCTAAATCCCC,7,12,1.0,3
8,2212,2236,CAACACCCACTACCTAAAAAATCCC,11,11,0.0,3
11,3471,3604,CTTCACCAAAGAGCCCCTAAAACCCGCCACATCTACCATCACCCTCTACATCACCGCCCCGACCTTAGCTCTCACCATCGCTCTTCTACTATGAACCCCCCTCCCCATACCCAACCCCCTGGTCAACCTCAACC,33,66,10.0,25
16,4228,4260,CCCATTACAATCTCCAGCATTCCCCCTCAAACC,9,16,1.0,7
17,4372,4398,CTCCGTGCCACCTATCACACCCCATCC,5,15,2.0,5
18,4456,4505,CCCTTCCCGTACTAATTAATCCCCTGGCCCAACCCGTCATCTACTCTACC,10,23,4.0,13
19,4875,4899,CTAGCCCCCATCTCAATCATATACC,7,11,1.0,6
24,5875,5916,CACTCAGCCATTTTACCTCACCCCCACTGATGTTCGCCGACC,8,19,5.0,10
25,6213,6242,CTCTTACCTCCCTCTCTCCTACTCCTGCTC,2,16,1.0,11
26,6410,6464,CAATATAAAACCCCCTGCCATAACCCAATACCAAACGCCCCTCTTCGTCTGATCC,17,23,4.0,11
27,6545,6572,CCTCAACACCACCTTCTTCGACCCCGCC,5,16,2.0,5
28,6826,6851,CTACCATAATCATCGCTATCCCCACC,7,12,1.0,6
29,7386,7427,CTATATGGATGCCCCCCACCCTACCACACATTCGAAGAACCC,12,18,5.0,7
30,7798,7840,CATCCTAGTCCTCATCGCCCTCCCATCCCTACGCATCCTTTAC,7,21,3.0,12
31,7936,7974,CTTCAACTCCTACATACTTCCCCCATTATTCCTAGAACC,10,16,1.0,12
32,8252,8305,CCCGTATTTACCCTATAGCACCCCCTCTACCCCCTCTAGAGCCCACTGTAAAGC,12,24,6.0,12
33,8455,8488,CACAAACTACCACCTACCTCCCTCACCAAAGCCC,11,18,1.0,4
36,8791,8815,CCTCACTCATTTACACCAACCACCC,7,13,0.0,5
37,8917,8958,CAAGGCACACCTACACCCCTTATCCCCATACTAGTTATTATC,12,16,3.0,11
40,9505,9607,CCTTTTACCACTCCAGCCTAGCCCCTACCCCCCAATTAGGAGGGCACTGGCCCCCAACAGGCATCACCCCGCTAAATCCCCTAGAAGTCCCACTCCTAAACAC,26,46,14.0,17
43,10603,10637,CTCTCATAACCCTCAACACCCACTCCCTCTTAGCC,8,18,1.0,8
44,10912,10990,CTGTTCCCCAACCTTTTCCTCCGACCCCCTAACAACCCCCCTCCTAATACTAACTACCTGACTCCTACCCCTCACAATC,18,39,3.0,19
45,11122,11162,CTTCGAAACCACACTTATCCCCACCTTGGCTATCATCACCC,10,18,3.0,10
46,11212,11249,CTACACCCTAGTAGGCTCCCTTCCCCTACTCATCGCAC,7,18,4.0,9
47,11492,11555,CGCCTCACACTCATTCTCAACCCCCTGACAAAACACATAGCCTACCCCTTCCTTGTACTATCCC,16,29,4.0,15
48,11655,11692,CAGCCATTCTCATCCAAACCCCCTGAAGCTTCACCGGC,9,17,5.0,7
49,12063,12124,CCCTCATGTTCATACACCTATCCCCCATTCTCCTCCTATCCCTCAACCCCGACATCATTACC,13,30,2.0,17
50,12346,12450,CACACTACTATAACCACCCTAACCCTGACTTCCCTAATTCCCCCCATCCTTACCACCCTCGTTAACCCTAACAAAAAAAACTCATACCCCCATTATGTAAAATCC,35,43,3.0,24
51,12542,12573,CCACAACCCAAACAACCCAGCTCTCCCTAAGC,11,16,2.0,3
55,13430,13458,CCATACCTCTCACTTCAACCTCCCTCACC,6,16,0.0,7
67,14751,14832,CCCCAATACGCAAAACTAACCCCCTAATAAAATTAATTAACCACTCATTCATCGACCTCCCCACCCCATCCAACATCTCCGC,28,35,3.0,16
68,15360,15391,CAAACAACCCCCTAGGAATCACCTCCCATTCC,10,15,2.0,5
69,15502,15556,CCCAGACAATTATACCCTAGCCAACCCCTTAAACACCCCTCCCCACATCAAGCCC,17,27,3.0,8
70,15636,15683,CCATCCTCATCCTAGCAATAATCCCCATCCTCCATATATCCAAACAAC,16,20,1.0,11
74,16527,16560,CCTAAATAGCCCACACGTTCCCCTTAAATAAGAC,12,12,3.0,7
