start,end,score,pattern,G4_id,sequence,bp_untill_next_G4,bp_untill_previous_G4,up_win,down_win
295,315,64,[CC(A)CC]AAA[CCCC]C[CCtC][CCCC],1,CCACCAAACCCCCCCTCCCCC,38,484,195,353
353,387,33,[CCCC]AAAAA[C(AAAGAA)CCC]TAA[CaCC]AG[CC(TAA)CC],2,CCCCAAAAACAAAGAACCCTAACACCAGCCTAACC,71,38,315,458
458,506,55,[CC(T)CCC]A[CtCCC]ATACTACTAATCTCATCAATACAA[CCCCC]G[CCC(AT)CC],3,CCTCCCACTCCCATACTACTAATCTCATCAATACAACCCCCGCCCATCC,28,71,387,534
534,571,88,[CCCC]ATA[CCCC]GAACCAACCAAA[CCCC]AAAGACA[CCCC],4,CCCCATACCCCGAACCAACCAAACCCCAAAGACACCCC,386,28,506,671
957,1002,22,[CCCC]T[CCCC]AATAAAGCTAAAACT[CaCC]TGAGTTGTAAAAAA[CtCC],5,CCCCTCCCCAATAAAGCTAAAACTCACCTGAGTTGTAAAAAACTCC,680,386,857,1102
1682,1715,42,[CCCC]AAA[CCC(A)C]T[CC(A)CC]TTACTA[CC(AGACAA)CC],6,CCCCAAACCCACTCCACCTTACTACCAGACAACC,342,680,1582,1815
2057,2101,22,[CCC]ACAGAA[CCC]TCTAAATC[CCC]TTGTAAATTTAA[C(TGTTAGT)CC],7,CCCACAGAACCCTCTAAATCCCCTTGTAAATTTAACTGTTAGTCC,1103,342,1957,2201
3204,3247,36,[CCC]ACA[CCC]A[CCC]AAGAACAGGGTTTGTTAAGATGGCAGAG[CCC],8,CCCACACCCACCCAAGAACAGGGTTTGTTAAGATGGCAGAGCCC,237,1103,3104,3347
3484,3530,52,[CCCC]TAAAACCCG[CC(ACATCTA)CC]ATCA[CCC(TCTACAT)C]ACCG[CCCC],9,CCCCTAAAACCCGCCACATCTACCATCACCCTCTACATCACCGCCCC,38,237,3384,3568
3568,3589,92,[CCCC]T[CCCC]ATA[CCC(AA)C][CCCC],10,CCCCTCCCCATACCCAACCCCC,280,38,3530,3689
3869,3909,21,[CCaC]ACTAGCAGAGA[CC(AA)CC]GAAC[CCCC]TTCGA[CC(TTG)CC],11,CCACACTAGCAGAGACCAACCGAACCCCCTTCGACCTTGCC,44,280,3769,3953
3953,3984,24,[CC(GCAGG)C][CCC]TTCG[CCC]TATT[C(TTCATAG)CC],12,CCGCAGGCCCCTTCGCCCTATTCTTCATAGCC,102,44,3909,4084
4086,4111,26,[C(A)CC]AAGA[CCC]TA[C(TTCTAA)CC]T[CCC],13,CACCAAGACCCTACTTCTAACCTCCC,117,102,3986,4211
4228,4253,27,[CCC]ATTA[C(AATCT)CC]AG[C(ATT)CC][CCC],14,CCCATTACAATCTCCAGCATTCCCCC,96,117,4128,4349
4349,4394,34,[CCC(AT)C][CC(TGAGAAT)CC]AAAATTCT[CC(GTGCCA)CC]TATCACA[CCCC],15,CCCATCCCTGAGAATCCAAAATTCTCCGTGCCACCTATCACACCCC,67,96,4253,4461
4461,4490,52,[CCC]GTACTAATTAATC[CCC]TGG[CCC]AA[CCC],16,CCCGTACTAATTAATCCCCTGGCCCAACCC,389,67,4394,4590
4879,4910,26,[CCC][CC(ATCTCAAT)C]ATATA[CC(AAATCT)C]T[CCC],17,CCCCCATCTCAATCATATACCAAATCTCTCCC,283,389,4779,5010
5193,5236,75,[CCC(TTAATT)CC]AT[CC(A)CCC]T[CC(TCT)CCC]TAGGAGGCCTG[CCCCC],18,CCCTTAATTCCATCCACCCTCCTCTCCCTAGGAGGCCTGCCCCC,67,283,5093,5303
5303,5337,50,[CCCC]A[CC(ATCATAG)CC]A[CC(ATCAC)CC]T[CC(TTAA)CC],19,CCCCACCATCATAGCCACCATCACCCTCCTTAACC,91,67,5236,5428
5428,5463,61,[C(AAAA)CCC]A[CCCC]ATTCCT[CCCC]ACA[C(TCATCG)CCC],20,CAAAACCCACCCCATTCCTCCCCACACTCATCGCCC,958,91,5337,5563
6421,6468,43,[CCCC]TGCCATAA[CCC(AATAC)C]AAACG[CCCC]TCTTCGTCTGAT[CC(GT)CC],21,CCCCTGCCATAACCCAATACCAAACGCCCCTCTTCGTCTGATCCGTCC,71,958,6321,6539
6539,6587,40,[CC(GCAA)CC]TCAACA[CC(A)CC]TTCTTCGA[CCCC]GCCGGAGGAGGAGA[CCCC],22,CCGCAACCTCAACACCACCTTCTTCGACCCCGCCGGAGGAGGAGACCCC,810,71,6468,6687
7397,7412,53,[CCC][CCC]A[CCC]TA[CC(A)C],23,CCCCCCACCCTACCAC,395,810,7297,7512
7807,7826,51,[CC(TCAT)C]G[CCC]T[CCC]AT[CCC],24,CCTCATCGCCCTCCCATCCC,116,395,7707,7926
7942,7991,18,[CtCC]TACATACTTC[CCCC]ATTATT[CC(TAGAA)CC]AGGCGA[CC(TGCGACT)CC],25,CTCCTACATACTTCCCCCATTATTCCTAGAACCAGGCGACCTGCGACTCC,271,116,7842,8091
8262,8295,67,[CCC(TATAG)C]AC[CCCC]TCTA[CCCC][C(TCTAGAG)CCC],26,CCCTATAGCACCCCCTCTACCCCCTCTAGAGCCC,173,271,8162,8395
8468,8488,29,[C(TA)CC]T[CCC]T[C(A)CC]AAAG[CCC],27,CTACCTCCCTCACCAAAGCCC,71,173,8368,8559
8559,8608,41,[CCCC]ACAAT[CC(TAGG)CC]TA[CCC(GCCG)C]AGTACTGATCATTCTATTT[CCCC],28,CCCCACAATCCTAGGCCTACCCGCCGCAGTACTGATCATTCTATTTCCCC,198,71,8488,8708
8806,8847,35,[CC(AA)CC]A[CCC(AACTAT)C]TATAAACCTAG[CC(ATGG)CC]AT[CCCC],29,CCAACCACCCAACTATCTATAAACCTAGCCATGGCCATCCCC,67,198,8706,8914
8914,8943,41,[CCaC]AAGGCA[CaCC]TACA[CCCC]TTAT[CCCC],30,CCACAAGGCACACCTACACCCCTTATCCCC,300,67,8847,9043
9243,9270,55,[CCC]AG[CCC]ATGAC[CCC]TAACAGGGG[CCC],31,CCCAGCCCATGACCCCTAACAGGGGCCC,256,300,9143,9370
9526,9574,85,[CCCC(TA)C][CCCCC]AATTAGGAGGGCACTGG[CCCCC]AACAGG[C(ATCA)CCCC],32,CCCCTACCCCCCAATTAGGAGGGCACTGGCCCCCAACAGGCATCACCCC,9,256,9426,9583
9583,9611,20,[CCC]TAGAAGT[CCC]ACT[CC(TAAA)C]A[C(AT)CC],33,CCCTAGAAGTCCCACTCCTAAACACATCC,573,9,9574,9711
10184,10207,60,[CCC]TATATCC[CCC]G[CCC]GCGT[CCC],34,CCCTATATCCCCCGCCCGCGTCCC,60,573,10084,10267
10267,10293,42,[CCC]T[CC(TTTTA)C][CCC]TACCATGAG[CCC],35,CCCTCCTTTTACCCCTACCATGAGCCC,319,60,10207,10393
10612,10637,42,[CCC]TCAACA[CCC]ACT[CCC]T[C(TTAG)CC],36,CCCTCAACACCCACTCCCTCTTAGCC,281,319,10512,10737
10918,10951,92,[CCC(AA)CC]TTTT[CCtCC]GA[CCCCC]TAACAA[CCCCC],37,CCCAACCTTTTCCTCCGACCCCCTAACAACCCCC,22,281,10818,10973
10973,11022,15,[CtCC]TA[CCCC]TCACAATCATGGCAAG[CC(AACG)CC]ACTTAT[CC(AGTGAA)CC],38,CTCCTACCCCTCACAATCATGGCAAGCCAACGCCACTTATCCAGTGAACC,108,22,10951,11122
11130,11162,26,[CC(ACACTTAT)C][CCC]A[CC(TTGGCTAT)C]ATCA[CCC],39,CCACACTTATCCCCACCTTGGCTATCATCACCC,44,108,11030,11206
11206,11236,39,[CC(TATTCTA)C]A[CCC]TAGTAGGCT[CCC]TT[CCC],40,CCTATTCTACACCCTAGTAGGCTCCCTTCCC,276,44,11162,11336
11512,11538,30,[CCC][CC(TGACAAAA)C]A[C(ATAG)CC]TA[CCC],41,CCCCCTGACAAAACACATAGCCTACCC,105,276,11412,11638
11643,11677,17,[CCC]TCGTAGTAACAG[CC(ATT)C]T[C(ATCCAAA)CC][CCC],42,CCCTCGTAGTAACAGCCATTCTCATCCAAACCCCC,341,105,11543,11777
12018,12065,18,[CCC]A[CC(ACATTAA)C]AACATAAAA[CCC]TCATTCACACGAGAAAACA[CCC],43,CCCACCACATTAACAACATAAAACCCTCATTCACACGAGAAAACACCC,19,341,11918,12084
12084,12115,67,[CCCCC]ATTCT[CCtCC]TAT[CCCtC]AA[CCCC(GA)C],44,CCCCCATTCTCCTCCTATCCCTCAACCCCGAC,244,19,12065,12215
12359,12403,78,[CC(A)CCC]TAAC[CC(TGACTT)CCC]TAATTC[CCCCC]AT[CC(TTACCA)CCC],45,CCACCCTAACCCTGACTTCCCTAATTCCCCCCATCCTTACCACCC,139,244,12259,12503
12542,12568,37,[CC(A)C]AA[CCC]AAACAA[CCC]AGCTCT[CCC],46,CCACAACCCAAACAACCCAGCTCTCCC,359,139,12442,12668
12927,12971,33,[CCC(ACAA)C]AAATAG[CCC(TTCTAAA)C]GCTAAT[CC(AAG)CC]TCA[CCCC],47,CCCACAACAAATAGCCCTTCTAAACGCTAATCCAAGCCTCACCCC,55,359,12827,13026
13026,13061,90,[CCCC]TGACT[CCCC]TCAGCCATAGAAGG[CCCC]A[CCCC],48,CCCCTGACTCCCCTCAGCCATAGAAGGCCCCACCCC,61,55,12971,13122
13122,13148,22,[C(TT)CC]A[CCC][CC(TAG)C]AGAAAATAG[CCC],49,CTTCCACCCCCTAGCAGAAAATAGCCC,499,61,13061,13248
13647,13695,62,[CCCC]A[CCC(TTACTAA)C]ATTAACGAAAATAA[CCCC]ACCCTACTAAA[CCCC],50,CCCCACCCTTACTAACATTAACGAAAATAACCCCACCCTACTAAACCCC,60,499,13547,13755
13755,13785,61,[CCCC]G[C(AT)CCC][CC(TT)CC]AAACAACAAT[CCCC],51,CCCCGCATCCCCCTTCCAAACAACAATCCCC,162,60,13695,13885
13947,13993,42,[CCCC]TATCTAGGCCTTCTTACGAG[CC(AAAA)CC]TG[CCCC]TACT[CC(T)CC],52,CCCCTATCTAGGCCTTCTTACGAGCCAAAACCTGCCCCTACTCCTCC,122,162,13847,14093
14115,14137,28,[CCC]A[C(TCAT)CC]TAA[CCC]TA[C(T)CC],53,CCCACTCATCCTAACCCTACTCC,108,122,14015,14237
14245,14284,54,[CCCC]GCACCAATAGGAT[CC(T)CC][C(GAATCAA)CCC]TGA[CCCC],54,CCCCGCACCAATAGGATCCTCCCGAATCAACCCTGACCCC,50,108,14145,14334
14334,14373,37,[CC(A)CC]A[CCCC]ATCATA[C(TCTTTCA)CCC]ACAGCA[CC(AAT)CC],55,CCACCACCCCATCATACTCTTTCACCCACAGCACCAATCC,16,50,14284,14389
14389,14428,69,[CCCC]ACTAAAACACTCA[CC(AAGA)CC]TCAA[CCCC]TGA[CCCC],56,CCCCACTAAAACACTCACCAAGACCTCAACCCCTGACCCC,62,16,14373,14490
14490,14535,37,[CCCC]TAAATAAATTAAAAAAA[C(TATTAAA)CCC]ATATAA[CCtC][CCCC],57,CCCCTAAATAAATTAAAAAAACTATTAAACCCATATAACCTCCCCC,22,62,14428,14557
14557,14592,15,[CCC]GA[CC(ACACCG)C]TAACAATCAATA[C(TAAA)CC][CCC],58,CCCGACCACACCGCTAACAATCAATACTAAACCCCC,28,22,14535,14620
14620,14644,31,[CCC][CaC]AAAC[CCC]ATTACTAAA[CCC],59,CCCCACAAACCCCATTACTAAACCC,127,28,14592,14744
14771,14817,49,[CCCC]TAATAAAATTAATTAA[CCaC]TCATTCATCGACCT[CCCC]A[CCCC],60,CCCCTAATAAAATTAATTAACCACTCATTCATCGACCTCCCCACCCC,551,127,14671,14917
15368,15415,28,[CCCC]TAGGAATCA[CC(TCCCATT)CC]GATAAAATCA[CC(TT)CC]A[CCC(TTA)C],61,CCCCTAGGAATCACCTCCCATTCCGATAAAATCACCTTCCACCCTTAC,71,551,15268,15486
15486,15518,15,[C(AGA)CC]T[CC(TAGG)C]GA[CCC]AGACAATTATA[CCC],62,CAGACCTCCTAGGCGACCCAGACAATTATACCC,8,71,15415,15526
15526,15556,83,[CCCC]TTAAACA[CCCC]T[CCCC]A[C(ATCAAG)CCC],63,CCCCTTAAACACCCCTCCCCACATCAAGCCC,68,8,15518,15624
15624,15668,29,[CCC(TATTA)C]TATCCAT[CC(TCAT)CC]TAGCAATAAT[CCCC]AT[CC(T)CC],64,CCCTATTACTATCCATCCTCATCCTAGCAATAATCCCCATCCTCC,491,68,15556,15768
16159,16193,51,[C(ATAAAAA)CCC]AAT[CCaC]ATCAAAAC[CCCC]T[CCCC],65,CATAAAAACCCAATCCACATCAAAACCCCCTCCCC,67,491,16059,16260
16260,16296,44,[CCC]TCA[CCC]ACTAGGATACCAACAAACCTA[CCC]A[CCC],66,CCCTCACCCACTAGGATACCAACAAACCTACCCACCC,57,67,16193,16353
16353,16380,55,[CCC]TTCTCGTC[CCC]ATGGATGA[CCC][CCC],67,CCCTTCTCGTCCCCATGGATGACCCCCC,484,57,16296,16480
